<configuration>

    <!-- Define appenders -->
    <appender name="myConsole" class="ch.qos.logback.core.ConsoleAppender">
        <encoder>
            <pattern>%highlight([%thread]) %highlight(%-5level) %logger{36} - %highlight(%msg) %d{dd/MM/YYYY HH:mm:ss} %n</pattern>
        </encoder>
    </appender>



    <!-- Root logger settings -->
    <root level="INFO">
        <appender-ref ref="myConsole" />
        <!--        <appender-ref ref="myLogs" /> &lt;!&ndash; Attach file appender &ndash;&gt;-->
    </root>

</configuration>